price,title,upc
17.46,Set Me Free,ce6396b0f23f6ecc
23.88,Olio,feb7cc7701ecf901
37.59,Mesaerion: The Best Science Fiction Stories 1800-1849,e30f54cea9b38190
51.33,Libertarianism for Beginners,a18a4f574854aced
52.29,Scott Pilgrim's Precious Little Life (Scott Pilgrim #1),3b1c02bac2a429e6
57.25,"Our Band Could Be Your Life: Scenes from the American Indie Underground, 1981-1991",deda3e61b9514b83
35.02,Rip it Up and Start Again,a34ba96d4081e6a4
45.17,It's Only the Himalayas,a22124811bfa8350
20.66,Shakespeare's Sonnets,30a7f60cd76ca58c
13.99,"Starving Hearts (Triangular Trade Trilogy, #1)",0312262ecafa5a40
17.93,"The Coming Woman: A Novel Based on the Life of the Infamous Feminist, Victoria Woodhull",e72a5dfc7e9267b2
22.6,The Boys in the Boat: Nine Americans and Their Epic Quest for Gold at the 1936 Berlin Olympics,e10e1e165dc8be4a
22.65,The Requiem Red,f77dbf2323deb740
33.34,The Dirty Little Secrets of Getting Your Dream Job,2597b5a345f45e1b
54.23,Sapiens: A Brief History of Humankind,4165285e1663650f
52.15,The Black Maria,1dfe412b8ac00530
33.63,You can't bury them all: Poems,55f9da0c5eea2e10
52.22,Behind Closed Doors,be5cc846f45496fb
19.63,"In a Dark, Dark Wood",19ed25f4641d5efd
33.29,Penny Maybe,668fe56b17cfcd4f
18.02,Maude (1883-1993):She Grew Up with the country,094b269567e1c300
15.94,Sophie's World,6be3beb0793a53e7
36.89,The Bear and the Piano,9f6568e9c95f60b0
31.05,The Five Love Languages: How to Express Heartfelt Commitment to Your Mate,3c039985229453bf
17.66,The Four Agreements: A Practical Guide to Personal Freedom,6258a1f6a6dcfe50
23.82,The Elephant Tree,5dada2b7be26bd03
22.5,America's Cradle of Quarterbacks: Western Pennsylvania's Football Factory from Johnny Unitas to Joe Montana,c7d160c2c0de586f
44.18,Wall and Piece,ccd9ffa25efabdea
40.3,Worlds Elsewhere: Journeys Around Shakespeare’s Globe,4c28def39d850cdf
53.13,Aladdin and His Wonderful Lamp,904208d6aa64b655
54.64,Birdsong: A Story in Pictures,9528d0948525bf5f
45.22,The Natural History of Us (The Fine Art of Pretending #2),cedf82b5086e4691
56.5,The Past Never Ends,5ee94540d0749ea0
56.41,"The Pioneer Woman Cooks: Dinnertime: Comfort Classics, Freezer Food, 16-Minute Meals, and Other Delicious Ways to Solve Supper!",142d767a56a9254d
17.27,Thirst,709822d0b5bcb7f4
19.09,The Torch Is Passed: A Harding Family Story,4eed62cf5f8d8edf
19.49,This One Summer,51653ef291ab7ddc
56.13,The Secret of Dreadwillow Carse,b5ea0b5dabed25a8
31.12,Throwing Rocks at the Google Bus: How Growth Became the Enemy of Prosperity,7858914fad68493c
16.28,Tsubasa: WoRLD CHRoNiCLE 2 (Tsubasa WoRLD CHRoNiCLE #2),09555be379ad9253
25.52,"Unbound: How Eight Technologies Made Us Human, Transformed Society, and Brought Our World to the Brink",9a9d6e9bc555731e
44.18,"Unseen City: The Majesty of Pigeons, the Discreet Charm of Snails & Other Wonders of the Urban Wilderness",d170b5a0da46380e
18.78,Unicorn Tracks,7ae099f3898e0209
50.27,"We Love You, Charlie Freeman",8d455c7539795d2a
14.27,Untitled Collection: Sabbath Poems 2014,657fe5ead67a7767
31.77,When We Collided,3ecb690d1542c568
45.07,Without Borders (Wanderlove #1),acddfeab2a407640
47.61,Private Paris (Private #10),b12b89017878a60d
23.11,#HigherSelfie: Wake Up Your Life. Free Your Soul. Find Your Tribe.,c27f6e1f185b0383
34.53,Black Dust,00bfed9e18bb36f3
26.41,Reasons to Stay Alive,c8f7f0cb1abb9cac
57.31,Slow States of Collapse: Poems,b4fd5943413e089a
25.27,Chase Me (Paris Nights #2),c2e46a2ee3b4a322
30.52,"Foolproof Preserving: A Guide to Small Batch Jams, Jellies, Pickles, Condiments, and More: A Foolproof Guide to Making Small Batch Jams, Jellies, Pickles, Condiments, and More",5674a18a29a43ced
37.32,How Music Works,327f68a59745c102
47.82,Sharp Objects,e00eb4fd7b871a48
12.84,In Her Wake,23356462d1320d61
50.1,Soumission,6957f44c3847a760
53.74,Tipping the Velvet,90fa61229261140a
51.77,A Light in the Attic,a897fe39b1053632
50.4,"Rat Queens, Vol. 3: Demons (Rat Queens (Collected Editions) #11-15)",c82a3e358c773c73
19.83,Reskilling America: Learning to Labor in the Twenty-First Century,d7310206583a54b6
25.02,"Saga, Volume 6 (Saga (Collected Editions) #6)",c849f0b2f5d6a742
51.04,"Saga, Volume 5 (Saga (Collected Editions) #5)",53a3d11bb568cc8b
41.83,Spark Joy: An Illustrated Master Class on the Art of Organizing and Tidying Up,87b0615b6e1f4d7b
39.58,Soul Reader,e6af5bf1163c1151
39.25,Security,6f78a0d744c35456
32.24,The Activist's Tao Te Ching: Ancient Advice for a Modern Revolution,7d6d2a6c0276f81b
40.76,The Art Forger,80cfab6bcff3a244
19.73,The Age of Genius: The Seventeenth Century and the Birth of the Modern Mind,a3d2a4250807f1e9
49.05,"The Bulletproof Diet: Lose up to a Pound a Day, Reclaim Energy and Focus, Upgrade Your Life",43c6a960757cf559
58.11,The Death of Humanity: and the Case for Life,bd261725b99f5983
37.13,The Gutsy Girl: Escapades for Your Life of Epic Adventure,acd86a5426e21ca0
20.59,"The Inefficiency Assassin: Time Management Tactics for Working Smarter, Not Longer",8c9e6bf2467d740d
56.06,The Electric Pencil: Drawings from Inside State Hospital No. 3,a30b270e25489e5c
16.77,The Life-Changing Magic of Tidying Up: The Japanese Art of Decluttering and Organizing,0da9aa9d24677fc0
42.96,The Most Perfect Thing: Inside (and Outside) a Bird's Egg,aadee1c326d286e3
23.89,"The Mindfulness and Acceptance Workbook for Anxiety: A Guide to Breaking Free from Anxiety, Phobias, and Worry Using Acceptance and Commitment Therapy",31075275518532d7
54.11,The Murder That Never Was (Forensic Instincts #5),d01ac97e2b8947c2
38.16,The Nameless City (The Nameless City #1),7d385d34d12e60ff
22.0,In the Country We Love: My Family Divided,b136b1b180ca753a
35.67,Join,18ad3ed896c7ce05
53.9,Judo: Seven Steps to Black Belt (an Introductory Guide for Beginners),228f74b74f3a08ae
19.92,Lumberjanes Vol. 3: A Terrible Plan (Lumberjanes #9-12),57e5a4d515c8ce44
40.11,"Layered: Baking, Building, and Styling Spectacular Cakes",7b75cc7f223791f4
45.61,"Lumberjanes, Vol. 1: Beware the Kitten Holy (Lumberjanes #1-4)",b6ee99bcf06fc91f
46.91,"Lumberjanes, Vol. 2: Friendship to the Max (Lumberjanes #5-8)",460089f796fb3f82
14.02,"Mama Tried: Traditional Italian Cooking for the Screwed, Crude, Vegan, and Tattooed",72f9d5be3472d34e
56.4,Masks and Shadows,fa9610a50a1bf149
33.37,My Paris Kitchen: Recipes and Stories,784bc2279baa878d
14.86,Obsidian (Lux #1),3c346ab1e76ae1f6
14.07,On a Midnight Clear,b757c0c361e689ce
46.35,Online Marketing for Busy Authors: A Step-By-Step Guide,9ffa38d3b832433a
48.41,orange: The Complete Collection 1 (orange: The Complete Collection #1),11809b1d323b3057
15.44,"Outcast, Vol. 1: A Darkness Surrounds Him (Outcast #1)",889139b8e9c4cb36
10.16,Patience,9429b4d59c537af5
36.28,"Political Suicide: Missteps, Peccadilloes, Bad Calls, Backroom Hijinx, Sordid Pasts, Rotten Breaks, and Just Plain Dumb Mistakes in the Annals of American Politics",7392c0032f92d816
18.97,"Pop Gun War, Volume 1: Gift",e80f8e518b300dfe
13.34,Princess Between Worlds (Wide-Awake Princess #5),0e691eda369f4e09
13.61,"Princess Jellyfish 2-in-1 Omnibus, Vol. 01 (Princess Jellyfish 2-in-1 Omnibus #1)",0fa6dceead7ce47a
49.46,Bossypants,74baabfc8fd84b38
37.92,"Bitch Planet, Vol. 1: Extraordinary Machine (Bitch Planet (Collected Editions))",bdf415fd484ea8a7
28.81,Burning,5ceb951f629700a2
28.09,"Avatar: The Last Airbender: Smoke and Shadow, Part 3 (Smoke and Shadow #3)",6d5300b2d8f37e07
29.14,Call the Nurse: True Stories of a Country Nurse on a Scottish Isle,bee3672891cca906
17.08,Camp Midnight,7b599c8bfcdd8d30
36.72,"Codename Baboushka, Volume 1: The Conclave of Death",8754c83ab2a7ae71
43.29,Crown of Midnight (Throne of Glass #2),7267864328ae8b9d
51.99,Danganronpa Volume 1,09b6cc87e62c2c58
37.97,"Don't Be a Jerk: And Other Practical Advice from Dogen, Japan's Greatest Zen Master",fce19f9b4a943f22
54.35,Everydata: The Misinformation Hidden in the Little Data You Consume Every Day,311c0dd0e354a33e
21.96,Fifty Shades Darker (Fifty Shades #2),7add3f8e49ec0826
15.97,First and First (Five Boroughs #3),9e28048cea8d41f7
29.69,Forever and Forever: The Courtship of Henry Longfellow and Fanny Appleton,9beb96a2300109d7
22.11,"Giant Days, Vol. 2 (Giant Days #5-8)",f2df3bb043a8abb0
46.03,How to Be Miserable: 40 Strategies You Already Use,a6f99b9e687f9d46
33.97,Her Backup Boyfriend (The Sorensen Family #1),2a97cffe61c3c4c7
54.63,I am a Hero Omnibus Volume 1,1c89ae5bb804e4de
29.17,"I Hate Fairyland, Vol. 1: Madly Ever After (I Hate Fairyland (Compilations) #1-5)",8d4eefad7a2b3915
57.36,Immunity: How Elie Metchnikoff Changed the Course of Modern Medicine,e4f74c16de34d440
17.44,The Stranger,f5a92cff83897d48
42.15,The Vacationers,fd3a622648667296
12.61,The Third Wave: An Entrepreneur’s Vision of the Future,3bebf34ee9330cbd
24.12,The Wedding Dress,623e1a180426039b
59.64,Thomas Jefferson and the Tripoli Pirates: The Forgotten War That Changed American History,de3f25248ba0789f
58.08,The White Cat and the Monk: A Retelling of the Poem “Pangur Bán”,37c0cb19713d8dda
52.72,Thirteen Reasons Why,bc2a85fd35fdc7bd
35.07,Throne of Glass (Throne of Glass #1),590a9cccf7db9f7d
41.6,Tracing Numbers on a Train,d7d6d50c1e3d0b81
54.0,(Un)Qualified: How God Uses Broken People to Do Big Things,e4ac92d89b946781
43.3,"William Shakespeare's Star Wars: Verily, A New Hope (William Shakespeare's Star Wars #4)",9270575728a13a61
21.04,Tuesday Nights in 1980,b8736690cf263a3c
52.37,A Court of Thorns and Roses (A Court of Thorns and Roses #1),01d2001ac1e6f8a3
21.87,You Are What You Love: The Spiritual Power of Habit,796c87ddbbaaf8c5
28.13,A Fierce and Subtle Poison,842790dfaa937484
55.53,A Flight of Arrows (The Pathfinders #2),3a6fb983e2554023
16.64,A Murder in Time,f733e8c19d40ec2e
56.76,"A Piece of Sky, a Grain of Rice: A Memoir in Four Meditations",8a380641491d43ed
42.95,A World of Flavor: Your Gluten Free Passport,70ed59f194b3c556
23.15,The Emerald Mystery,d6670dfe3e7b42bd
30.81,Algorithms to Live By: The Computer Science of Human Decisions,38d45839cb1c83c1
41.25,The Cookies & Cups Cookbook: 125+ sweet & savory recipes reminding you to Always Eat Dessert First,96a38e7c813d8f1d
55.02,The Girl on the Train,e956d67c9bcc5809
17.24,The Genius of Birds,42d0d7c92b75fc1c
44.28,The Glittering Court (The Glittering Court #1),2dbb7ec08cdd7f3c
36.95,The House by the Lake,9287e238d7c3b06e
41.82,The Kite Runner,eac1a180047ad54e
10.97,The Long Shadow of Small Ghosts: Murder and Memory in an American City,abeafe151a587d3b
37.6,The Love and Lemons Cookbook: An Apple-to-Zucchini Celebration of Impromptu Cooking,e28e330cbdf01126
43.29,The Mistake (Off-Campus #2),99ff4cc6491e8f5c
55.85,The Matchmaker's Playbook (Wingmen Inc. #1),08db62f24627e71f
44.1,The Murder of Roger Ackroyd (Hercule Poirot #4),c7b5183f4d1d4efe
37.34,The Nerdy Nummies Cookbook: Sweet Treats for the Geek in All of Us,e4c7f3487d17fd42
43.54,The Power of Now: A Guide to Spiritual Enlightenment,8ec14b1576cb7cb5
10.65,The Project,790ef197c8f236f5
38.21,The Omnivore's Dilemma: A Natural History of Four Meals,209adad1015af86f
36.0,The Psychopath Test: A Journey Through the Madness Industry,e98a4efa85070c2f
51.36,The Regional Office Is Under Attack!,0651062381f0636a
27.37,The Secret (The Secret #1),961f18db4f138211
33.14,The Shadow Hero (The Shadow Hero),d6361d16212664ed
14.19,Poems That Make Grown Women Cry,31001a1210623bd4
41.05,Night Sky with Exit Wounds,cfeb1e1e0e695b58
38.28,"Nightingale, Sing",50b8f80311b31ede
30.25,Mrs. Houdini,a40723994f715420
20.47,Redeeming Love,b53db2271c9624f7
41.06,Poses for Artists Volume 1 - Dynamic and Sitting Poses: An Essential Reference for Figure Drawing and the Human Form,d9c643fa1fc57bdb
36.94,Romero and Juliet: A Tragic Tale of Love and Zombies,e656e280bc8edd56
43.55,Scarlett Epstein Hates It Here,1c929cfd16b71907
29.06,"Shobu Samurai, Project Aryoku (#3)",0c27e6c3744fc14b
20.27,Secrets and Lace (Fatal Hearts #1),ad04ad9fc179fc5d
12.23,So You've Been Publicly Shamed,1b33663ad7b95fd8
23.99,Shoe Dog: A Memoir by the Creator of NIKE,0e0dcc3339602b28
16.24,Something More Than This,ca71e72655bece85
26.12,Soft Apocalypse,2a70769cdc6eb8b8
55.99,Suddenly in Love (Lake Haven #1),203b7f94b7d6115f
27.55,The 10% Entrepreneur: Live Your Startup Dream Without Quitting Your Day Job,56e4f9eab2e8e674
33.34,The Art of War,e7469e22b5bfb3e7
10.93,The Argonauts,c99761a700ade23f
32.0,The Bridge to Consciousness: I'm Writing the Bridge Between Science and Our Old and New Beliefs.,efc3768127714ec3
38.49,The Artist's Way: A Spiritual Path to Higher Creativity,dd047728de72ad62
42.16,"Deliciously Ella Every Day: Quick and Easy Recipes for Gluten-Free Snacks, Packed Lunches, and Simple Meals",46c1530d7546ea6d
35.61,Doing It Over (Most Likely To #1),3a11bb962ff45b78
37.72,Done Rubbed Out (Reightman & Bailey #1),f6d967cdadc6fbd9
54.59,Eureka Trivia 6.0,29c0025455f8c585
34.95,Drive: The Surprising Truth About What Motivates Us,6ffb36aaeff1c81e
41.62,"Fables, Vol. 1: Legends in Exile (Fables #1)",65d034adf80834b7
53.53,Finders Keepers (Bill Hodges Trilogy #2),edb3097e71330040
29.0,First Steps for New Christians (Print Edition),2f88b08bf0a0e367
21.36,Follow You Home,8585760646e3aa2a
29.99,Frostbite (Vampire Academy #2),116a2fdc9a45bab0
49.43,Full Moon over Noah’s Ark: An Odyssey to Mount Ararat and Beyond,ce60436f52c5ee68
42.98,Hollow City (Miss Peregrine’s Peculiar Children #2),4ce91d31c1e57c33
22.16,Grumbles,d163dd6c352fbcd2
57.36,I Had a Nice Time And Other Lies...: How to find love & sh*t like that,fd8585283fc7d2d7
19.15,Large Print Heart of the Pride,c1afd71fc86bf682
48.56,Library of Souls (Miss Peregrine’s Peculiar Children #3),ba54932df84e8cea
13.47,Little Red,4aa03792b50f0b22
16.85,Louisa: The Extraordinary Life of Mrs. Adams,d69dd8dac66f9f84
10.76,Miss Peregrine’s Home for Peculiar Children (Miss Peregrine’s Peculiar Children #1),af96613fdd793a3c
28.26,Modern Romance,caf4fe9311f1dc59
14.36,Wild Swans,3fb15ace50d6142b
37.34,"Wonder Woman: Earth One, Volume One (Wonder Woman: Earth One #1)",047097293bb4d1c0
52.65,Why the Right Went Wrong: Conservatism--From Goldwater to the Tea Party and Beyond,2b5054a4192e9b06
43.61,You (You #1),024387ca4cafd5cc
24.7,Zealot: The Life and Times of Jesus of Nazareth,dd5bfa6cc2c0ecc3
50.54,Amatus,ffd54178acc9a6a5
12.51,Agnostic: A Spirited Manifesto,d195e7f4ed697350
18.46,Amy Meets the Saints and Sages,7ebfa6c1bee69e1e
36.58,Amid the Chaos,bb8245f52c7cce8f
46.82,Anonymous,d24b829be2ca81c4
15.48,Ayumi's Violin,05f7c6d9a4e582d3
15.38,Batman: The Dark Knight Returns (Batman),47271d8e08b5d31c
11.11,Beauty Restored (Riley Family Legacy Novellas #3),3f69e667a67e54d9
36.5,Batman: The Long Halloween (Batman),7edc0527cf782e19
27.43,Becoming Wise: An Inquiry into the Mystery and Art of Living,919e7cb2269a25d2
37.8,Chasing Heaven: What Dying Taught Me About Living,513271dadc1322ae
30.8,Big Magic: Creative Living Beyond Fear,1f329c2e7d7de8bd
49.46,Close to You,a57b1dcbd6849222
19.43,"Daring Greatly: How the Courage to Be Vulnerable Transforms the Way We Live, Love, Parent, and Lead",3b9a3b4624b7fd6d
19.19,Dark Notes,88c21fcd38e2486e
37.4,The Song of Achilles,e88fb1c9397cfb27
54.04,The Rosie Project (Don Tillman #1),012094e90a4b908d
44.48,The Songs of the Gods,00c4543ec6bd25b4
46.02,The Star-Touched Queen,1528279aec1f3dce
52.67,The Testament of Mary,081305e6df719dff
27.88,The Time Keeper,e9906e2f0d189745
32.61,The Wedding Pact (The O'Malleys #2),c5cb9f885d8b3621
25.91,The White Queen (The Cousins' War #1),6875c5657661b2fb
56.8,The Wright Brothers,08b2f71d93836313
43.04,The Year of Magical Thinking,34c0d7c4ee5650af
25.38,Through the Woods,6e44bcbeac7f4360
27.12,This Is Where It Ends,f0f38174a7e689a3
22.08,Twenty Yawns,1d6443ffba9dfd80
45.95,"Unbroken: A World War II Story of Survival, Resilience, and Redemption",76c84daa539426e2
46.31,Until Friday Night (The Field Party #1),aba2db9afb1469c7
19.6,What's It Like in Space?: Stories from Astronauts Who've Been There,6fd646a334e6e133
12.96,Walt Disney's Alice in Wonderland,6a31307a81e8f3a8
53.9,"We Are Robin, Vol. 1: The Vigilante Business (We Are Robin #1)",92275cedf6d8ee15
45.21,Take Me with You,2c04320e110a14a3
37.1,V for Vendetta (V for Vendetta Complete),4a1debca3135ff37
10.69,Tastes Like Fear (DI Marnie Rome #3),2d1e337aaf341858
38.2,Whole Lotta Creativity Going On: 60 Fun and Unusual Exercises to Awaken and Strengthen Your Creativity,44a10f1ac8ce822e
13.92,That Darkness (Gardiner and Renner #1),0c7b9cf2b7662b65
39.24,The 14th Colony (Cotton Malone #11),1b8187fa4bf6ab05
44.73,The Bane Chronicles (The Bane Chronicles #1-11),dc6f688b82e42a5b
25.85,The First Hostage (J.B. Collins #2),a86972014275e072
48.78,The Dovekeepers,3d76bc83c6b644c9
15.77,The Bad-Ass Librarians of Timbuktu: And Their Race to Save the World’s Most Precious Manuscripts,923831a05c9f91f7
35.35,The Darkest Lie,6edacfd1f8ebb9eb
13.82,The Guilty (Will Robie #4),847935fc68707426
28.77,The Help Yourself Cookbook for Kids: 60 Easy Plant-Based Recipes Kids Can Make to Stay Healthy and Save the Earth,ddc8340dabc8641b
40.67,The Immortal Life of Henrietta Lacks,f72f61ad6a5f12ed
52.26,The Hidden Oracle (The Trials of Apollo #1),992974ba6a0536ea
17.43,The Literature Book (Big Ideas Simply Explained),4881cc53f6c8892f
54.21,The Last Mile (Amos Decker #2),3bc89353f7e3a3cc
44.07,The Long Haul (Diary of a Wimpy Kid #9),f21effc079a2b38a
23.4,The Loney,2d88a31f325dfd3b
10.4,The Lucifer Effect: Understanding How Good People Turn Evil,4e812d32d64e2431
28.08,The Marriage of Opposites,52cf2a5933ec5d8f
16.88,The Power of Habit: Why We Do What We Do in Life and Business,6bdd909329435e80
21.95,No Dream Is Too High: Life Lessons From a Man Who Walked on the Moon,132ec5e8c984adef
11.83,Old School (Diary of a Wimpy Kid #10),02b74068fa98d8a4
38.39,"Naruto (3-in-1 Edition), Vol. 14: Includes Vols. 40, 41 & 42 (Naruto: Omnibus #14)",71e36f33981ddb74
18.28,Once Was a Time,e34efcc824685332
52.15,"Overload: How to Unplug, Unwind, and Unleash Yourself from the Pressure of Stress",8ecf0356a3878811
10.56,Pet Sematary,af58a74e4b2a23a0
50.89,"Quarter Life Poetry: Poems for the Young, Broke and Hangry",aa35446aab16017f
23.57,Rain Fish,a6454e329f872b78
47.82,Robin War,85b2176b3b194030
46.78,salt.,86cbddb61ea78bb7
25.48,"Red Hood/Arsenal, Vol. 1: Open for Business (Red Hood/Arsenal #1)",31e2e2d9cca3778f
55.84,Shtum,830fb3967c74866d
48.87,See America: A Celebration of Our National Parks & Treasured Sites,f9705c362f070608
35.43,"So Cute It Hurts!!, Vol. 6 (So Cute It Hurts!! #6)",394f6d30cafc3edb
52.79,Someone Like You (The Harrisons #2),a278db6b2b09cf9f
44.74,Sorting the Beef from the Bull: The Science of Food Fraud Forensics,3edcccc4f341fb1a
39.5,Steve Jobs,95019eac1c0a052f
26.41,Still Life with Bread Crumbs,fe44cc816576c652
11.89,Superman Vol. 1: Before Truth (Superman by Gene Luen Yang #1),ac8e3949d284e9a9
45.58,Swell: A Year of Waves,4c8b7540409da4ac
47.02,"Hush, Hush (Hush, Hush #1)",6b6cd77fbc91b7a6
14.75,"Hyperbole and a Half: Unfortunate Situations, Flawed Coping Mechanisms, Mayhem, and Other Things That Happened",fbb21a2f71f4d981
10.6,I Am Pilgrim (Pilgrim #1),aeff7b87a8e83ebb
25.98,I Know What I'm Doing -- and Other Lies I Tell Myself: Dispatches from a Life Under Construction,b8a8ff84233f0570
29.65,Island of Dragons (Unwanteds #7),2b52334fab158861
19.55,"It's All Easy: Healthy, Delicious Weeknight Meals in under 30 Minutes",245e6bf08b8d2955
16.28,Lady Midnight (The Dark Artifices #1),708345c9897fd7c5
26.79,Let It Out: A Journey Through Journaling,1174156c4a0eccaa
46.91,"Living Leadership by Insight: A Good Leader Achieves, a Great Leader Builds Monuments",17fb5a88180f9904
29.14,Looking for Lovely: Collecting the Moments that Matter,24af96df0bafb925
18.03,Love Is a Mix Tape (Music #1),adb5f51c2e2ab13f
51.51,Lowriders to the Center of the Earth (Lowriders in Space #2),a10c7515834240f3
49.83,Luckiest Girl Alive,d512871626a5e588
37.61,More Than Music (Chasing the Dream #1),47d47155e89c8be7
38.85,Made to Stick: Why Some Ideas Survive and Others Die,b96fc7a0ea7d4b45
53.95,Luis Paints the World,5b43cae640f2338a
28.9,Mr. Mercedes (Bill Hodges Trilogy #1),caa2e5b3fb1b2d4c
40.36,My Kind of Crazy,137b0b2775701e11
24.48,My Mrs. Brown,cc82685d9f49bc2c
41.56,My Name Is Lucy Barton,727bf2b86b19ad88
36.58,Daily Fantasy Sports,0e94a089328be4bc
25.01,Cometh the Hour (The Clifton Chronicles #6),28cf0d1c51b491e5
47.72,Crazy Love: Overwhelmed by a Relentless God,4b9d9cfe0f435788
11.21,Dear Mr. Knightley,94a958ea126cdcd5
37.51,Demigods & Magicians: Percy and Annabeth Meet the Kanes (Percy Jackson & Kane Chronicles Crossover #1-3),3c6fe637a0180b01
55.35,Don't Get Caught,ad2887ce04583910
40.12,Doctor Sleep (The Shining #2),bf5de316a5e9a4ab
54.07,"Eat Fat, Get Thin",047dfa57ba0bf638
57.62,El Deafo,27c5968fe43cc06e
14.39,Eight Hundred Grapes,1d6dd0c87d90fe92
51.75,"Eaternity: More than 150 Deliciously Easy Vegan Recipes for a Long, Healthy, Satisfied, Joyful Life",a01f6d368ef64dc5
27.09,Eligible (The Austen Project #4),9eaf58b03a2779cc
46.47,Every Last Word,a2bd4ca82d908442
49.05,Feathers: Displays of Brilliant Plumage,9194ae88379dbf1a
15.06,"Far & Away: Places on the Brink of Change: Seven Continents, Twenty-Five Years",ac4dde0d1be05de0
45.84,Glory over Everything: Beyond The Kitchen House,de4b403cb629a29f
10.23,Greek Mythic History,f201f263d8c23f97
58.79,Hamilton: The Revolution,afa829857f82f99e
30.03,God: The Most Unpleasant Character in All Fiction,eec424a84c9e4c68
28.82,Hold Your Breath (Search and Rescue #1),0b165bd4b9f42fd5
51.48,Angels & Demons (Robert Langdon #1),ad41c24ccac0c7ce
34.2,Angels Walking (Angels Walking #1),1fbb5f786e53a0ce
28.01,Barefoot Contessa Back to Basics,999912e63a3262ae
32.01,Batman: Europa,bf68dcb5fad3cc8c
17.03,Balloon Animals,9b65f676984c9f0c
50.62,Barefoot Contessa at Home: Everyday Recipes You'll Make Over and Over Again,0e0da9192a025efc
58.14,Aristotle and Dante Discover the Secrets of the Universe (Aristotle and Dante Discover the Secrets of the Universe #1),41164b8ac02a2c42
48.8,Art Ops Vol. 1,ffdc825785c0ede8
46.23,Carrie,5f22418922fa728b
49.32,Brain on Fire: My Month of Madness,a80f66b254fe9eb3
31.85,"Carry On, Warrior: Thoughts on Life Unarmed",1b0fc9f777cad045
37.8,Buying In: The Secret Dialogue Between What We Buy and Who We Are,16ef91b9d827859c
50.83,Catching Jordan (Hundred Oaks),e2e7b683b4c15b7d
47.27,City of Ashes (The Mortal Instruments #2),8a6ec2761f91dad2
43.28,City of Bones (The Mortal Instruments #1),5b987e54ee72525c
20.29,Cell,bfbb54bc8cdeed2b
11.23,City of Fallen Angels (The Mortal Instruments #4),1e264c677d4ee4ae
44.14,Clockwork Angel (The Infernal Devices #1),42b0c50fc44140ec
56.02,City of Glass (The Mortal Instruments #3),966ebb738e0f9d9b
22.13,Code Name Verity (Code Name Verity #1),33a3e0e3ffde0dcd
46.29,The Silent Sister (Riley MacPherson #1),ce1ae197ada2aec4
32.3,The Star-Touched Queen,4a7a25be293ad678
37.55,Tipping Point for Planet Earth: How Close Are We to the Edge?,148715df5a02ea5e
11.53,My Kitchen Year: 136 Recipes That Saved My Life,8bbd7df8a324f31d
27.06,13 Hours: The Inside Account of What Really Happened In Benghazi,4be9d1910f8a4e80
13.86,Will You Won't You Want Me?,077b635ff2afc578
37.86,Rook,44d97b6707dae3f0
38.73,Searching for Meaning in Gailana,2f0213137a80d485
55.51,A Brush of Wings (Angels Walking #3),01a177623cce9596
21.8,1491: New Revelations of the Americas Before Columbus,6e8e5626ac4d279e
13.33,"The Three Searches, Meaning, and the Story",ac5e0d3938caf686
14.58,A Distant Mirror: The Calamitous 14th Century,d5e0526e1ab682a3
40.79,A People's History of the United States,1ad06aed9349af46
56.48,"A Series of Catastrophes and Miracles: A True Story of Love, Science, and Cancer",c1379d3744f1dd2c
39.72,A Man Called Ove,8682c03de6a844ff
16.73,A Study in Scarlet (Sherlock Holmes #1),63ee5bc46066a8a8
48.35,A Time of Torment (Charlie Parker #14),4416c474713ec1f5
10.9,"Adulthood Is a Myth: A ""Sarah's Scribbles"" Collection",5319169a72714c62
56.37,Abstract City,cf1aa2fc02a7d1e0
29.87,All the Light We Cannot See,39861fc1c0845d15
20.55,"Love, Lies and Spies",9546d537fbf99eb6
58.32,How to Speak Golf: An Illustrated Guide to Links Lingo,b978c9852cde91bd
35.28,Most Wanted,c039f5aceb093537
54.36,Murder at the 42nd Street Library (Raymond Ambler #1),e7fe3bf2768602cf
15.71,One with You (Crossfire #5),81ef44fcc5f454df
54.65,No Love Allowed (Dodge Cove #1),db84624b151cbe06
26.8,Poisonous (Max Revere Novels #3),abdd91e96515a617
36.97,Psycho: Sanitarium (Psycho #1.5),b8d7b3f5c7a95d65
43.14,Quench Your Own Thirst: Business Lessons Learned Over a Beer or Two,8976d9161c027142
49.67,Raspberry Pi Electronics Projects for the Evil Genius,ebf81a62e4798fd1
48.05,Stars Above (The Lunar Chronicles #4.5),b63ea3f7a57ae099
21.21,Snatched: How A Drug Queen Went Undercover for the DEA and Was Kidnapped By Colombian Guerillas,f40fea200e0c644f
59.9,The Diary of a Young Girl,54fc03f1e1d355db
11.88,The Children,64fd010bf8d15096
56.54,The Dinner Party,c6ca293d4810e0d5
14.44,The Epidemic (The Program 0.6),f732d7d18a91d2ba
39.43,The Golden Condom: And Other Essays on Love Lost and Found,235fa48eeed11d82
59.15,The Gray Rhino: How to Recognize and Act on the Obvious Dangers We Ignore,3063c7e95d0bf76f
47.67,Off the Hook (Fishing for Trouble #1),b783ce08802cd1d1
26.2,The Midnight Watch: A Novel of the Titanic and the Californian,14e44163678e24dc
33.26,The Lonely City: Adventures in the Art of Being Alone,582a21a1dbbef3cf
13.71,Playing with Fire,05a61a3bd8ca4149
21.15,"Setting the World on Fire: The Brief, Astonishing Life of St. Catherine of Siena",b06599b108e83f98
48.74,Sleeping Giants (Themis Files #1),f435aa99d864077d
53.98,Take Me Home Tonight (Rock Star Romance #3),cf62fa272b5f0fa3
21.0,The Art of Startup Fundraising,1c584f82a7a1c4f0
11.68,"The Sleep Revolution: Transforming Your Life, One Night at a Time",985991708c47003e
59.45,The Improbability of Love,437d8dea9272d0a9
27.26,The Widow,6159d8b187831770
48.39,Troublemaker: Surviving Hollywood and Scientology,515cb8fcafb1ad98
38.77,"A la Mode: 120 Recipes in 60 Pairings: Pies, Tarts, Cakes, Crisps, and More Topped with Ice Cream, Gelato, Frozen Custard, and More",a4eef523118805ef
39.01,A Paris Apartment,63343e287971bb0c
59.48,Boar Island (Anna Pigeon #19),49b24c6a41b82bd2
40.83,Dirty (Dive Bar #1),df7e628bad5782b4
56.86,Equal Is Unfair: America's Misguided Fight Against Income Inequality,3968e3fbf4695d7c
56.51,Eleanor & Park,6983328f15506cb9
48.64,Can You Keep a Secret? (Fear Street Relaunch #4),d069086944f2e330
20.1,Everyday Italian: 125 Simple and Delicious Recipes,76319fe9d8b465a3
41.46,Furiously Happy: A Funny Book About Horrible Things,c6a29d6df8de968c
11.84,Hide Away (Eve Duncan #20),bddc6fd036eb6279
49.71,10-Day Green Smoothie Cleanse: Lose Up to 15 Pounds in 10 Days!,96aa539bfd4c07e2
24.57,"10% Happier: How I Tamed the Voice in My Head, Reduced Stress Without Losing My Edge, and Found Self-Help That Actually Works",34669b2e9d407d3a
48.48,11/22/63,a9d7b75461084a26
14.75,A Gentleman's Position (Society of Gentlemen #3),40c4bf520c17de54
19.53,A Mother's Reckoning: Living in the Aftermath of Tragedy,2b69dec0193511d9
20.88,Adultery,bb967277222e689c
21.36,Arena,2c34f9432069b52b
21.59,Born for This: How to Find the Work You Were Meant to Do,816180220e8cb419
20.5,Cravings: Recipes for What You Want to Eat,2587c54f5530dafc
16.34,Daredevils,f608c903c451f387
51.34,"Exit, Pursued by a Bear",c65c25d990fc7025
48.49,Grey (Fifty Shades #4),b5953ca1f8a0b8d7
56.27,It Didn't Start with You: How Inherited Family Trauma Shapes Who We Are and How to End the Cycle,ce8666d9b42fc9a0
40.85,Lab Girl,825d6c44da3ca5a6
20.46,Keep Me Posted,20dc4f1ac5d4fd9c
45.14,Lies and Other Acts of Love,469508882dfc1991
27.18,M Train,5569c3fea112718e
17.28,Lilac Girls,bade9943ee01b63f
16.89,"Mother, Can You Not?",28b2df9fadc9f07e
13.34,Mothering Sunday,47e1b2d43f709995
33.95,"Fruits Basket, Vol. 9 (Fruits Basket #9)",97187f5cf0385da3
33.23,Don't Forget Steven,e845d305f64154f1
43.68,Dress Your Family in Corduroy and Denim,7e9068872228c474
20.91,If I Gave You God's Phone Number....: Searching for Spirituality in America,8fab4c4f6f82a4ce
10.41,"NaNo What Now? Finding your editing process, revising your NaNoWriMo book and building a writing career through publishing and beyond",ee6c67859d70186b
47.44,Modern Day Fables,6baac632f7711e26
25.08,Nap-a-Roo,913e7109cec0cb4c
54.81,Suzie Snowflake: One beautiful flake (a self-esteem story),0e095ed785af7e43
52.98,The Art and Science of Low Carbohydrate Living,f9c87ccb2bc4853b
54.4,The Alien Club,e77594ece9b9d1fe
24.57,The Book of Mormon,3f25a2fedae191cc
44.05,The New Brand You: Your New Image Makes the Sale for You,4b50fb1359ebf35d
12.34,"The Moosewood Cookbook: Recipes from Moosewood Restaurant, Ithaca, New York",65cfc9f242c2984a
55.91,"The Fabric of the Cosmos: Space, Time, and the Texture of Reality",ca74f2e3c35a3e77
16.68,The Flowers Lied,33396269bcce166f
28.03,The Shack,903a9f8090104c2c
11.82,Underlying Notes,0967effecd292a86
58.87,Unlimited Intuition Now,4fd0a2a350f016e6
58.05,Watchmen,d1848064c54e01c7
48.27,Without Shame,ab60e6f5a63e1cfb
38.89,Smarter Faster Better: The Secrets of Being Productive in Life and Business,a2475a245c9907c4
58.33,Silence in the Dark (Logan Point #4),e46a164cf310fd7d
39.67,Shadows of the Past (Logan Point #1),bee6e93e9976f4fa
28.93,South of Sunshine,331c26103d885cae
36.91,The E-Myth Revisited: Why Most Small Businesses Don't Work and What to Do About It,a2308a936e898d48
35.88,The Grownup,1bba4b1ba23ed2d6
28.45,"The Midnight Assassin: Panic, Scandal, and the Hunt for America's First Serial Killer",5a0d2e9284004266
43.62,The Unlikely Pilgrimage of Harold Fry (Harold Fry #1),e0bdd79c7304ee8d
51.15,The High Mountains of Portugal,4f283dfcbeccc0d4
41.39,The Martian (The Martian #1),9afd00e81d6208e6
43.02,The New Drawing on the Right Side of the Brain,3eec766dda26fa64
36.94,Vagabonding: An Uncommon Guide to the Art of Long-Term World Travel,1809259a5a5f1d8d
39.36,When Breath Becomes Air,b69c852e7e3956af
17.76,Why Not Me?,04f6c929888f4f11
34.06,"Zero to One: Notes on Startups, or How to Build the Future",e77033ce559947f7
35.79,23 Degrees South: A Tropical Tale of Changing Whether...,61cf7eb9d2cd8bb0
50.49,A Hero's Curse (The Unseen Chronicles #1),c181ca8eabe7d18c
56.63,A Shard of Ice (The Black Symphony Saga #1),63d5f1651880dcea
48.63,Art and Fear: Observations on the Perils (and Rewards) of Artmaking,d6d9ffea95f2f8bf
35.92,Chernobyl 01:23:40: The Incredible True Story of the World's Worst Nuclear Disaster,7186241e043de5dc
10.29,History of Beauty,8a150fd8ff5d7686
40.45,Howl and Other Poems,b7870fa6dc088fbb
44.21,I Will Find You,bbf1ea50be8008ab
21.96,Hystopia: A Novel,0bfdef63285d3019
20.22,John Vassos: Industrial Design for Modern Life,bd26e8a79a856c31
56.48,I'll Give You the Sun,0ab4b35dcffcffd1
47.13,Kierkegaard: A Christian Missionary to Christians,0cf57cb49272fd37
40.72,Left Behind (Left Behind #1),29af1a2566c4e36e
45.05,Kill 'Em and Leave: Searching for James Brown and the American Soul,39eefec3a8498dde
29.04,Les Fleurs du Mal,c44c5e1425475206
29.48,Man's Search for Meaning,4729afff3bea0f0a
12.55,Living Forward: A Proven Plan to Stop Drifting and Get the Life You Want,044534b0b28b4e87
25.06,"Love That Boy: What Two Presidents, Eight Road Trips, and My Son Taught Me About a Parent's Expectations",4d3a4c7b442a9a4e
58.54,Miller's Valley,bff270fe9c86a5a9
36.39,My Life Next Door (My Life Next Door ),9a7291b89bd5445c
31.19,Please Kill Me: The Uncensored Oral History of Punk,4a823d80aa30dbb0
53.64,Out of Print: City Lights Spotlight No. 14,c0fc0cd215ee1724
54.21,Proofs of God: Classical Arguments from Tertullian to Barth,d56d0710668bb39c
21.82,Rising Strong,52fc458ffc756faf
35.96,The Whale,0ff9d10864db8364
14.1,Roller Girl,aeb51dfbe8aeec59
34.72,The Year of Living Biblically: One Man's Humble Quest to Follow the Bible as Literally as Possible,4a0b78598b42897a
25.55,Toddlers Are A**holes: It's Not Your Fault,4242cc3d0437db12
37.33,Under the Tuscan Sun,a94350ee74deaa07
46.33,Unreasonable Hope: Finding Faith in the God Who Brings Purpose to Your Pain,48cb52d78c992487
53.63,32 Yolks,b1a227b7609ff263
12.08,You Are a Badass: How to Stop Doubting Your Greatness and Start Living an Awesome Life,88ec621893e595d0
25.37,What Happened on Beale Street (Secrets of the South Mysteries #2),9735c969c652dd89
22.14,Wildlife of New York: A Five-Borough Coloring Book,b46d022080543144
44.48,"""Most Blessed of the Patriarchs"": Thomas Jefferson and the Empire of the Imagination",f16c2edb2a603f92
13.2,"A Murder Over a Girl: Justice, Gender, Junior High",fef91502cbacf23a
55.06,Being Mortal: Medicine and What Matters in the End,15ebd83e53d0391b
56.91,Between the World and Me,04e3de7ac35ec5cd
19.22,Brazen: The Courage to Find the You That's Been Hiding,77e9ea355bd8ae57
37.51,Death by Leisure: A Cautionary Tale,4dbd54d9e36c9566
11.45,Brilliant Beacons: A History of the American Lighthouse,7f5157bf53065d36
28.41,Diary of a Citizen Scientist: Chasing Tiger Beetles and Other New Ways of Engaging the World,0c11e2d068768dbb
43.64,Ender's Game (The Ender Quintet #1),e049d44c4f1cf1b2
55.65,Future Shock (Future Shock #1),df6a7c43faa6732b
52.86,Heaven is for Real: A Little Boy's Astounding Story of His Trip to Heaven and Back,d48c1369927ebef1
32.38,Playing from the Heart,68008abf6409dfde
51.74,"Rich Dad, Poor Dad",8486f61aa81a3daa
34.41,Raymie Nightingale,31c56c4d0fe19340
20.9,"Sit, Stay, Love",bd087cf6a846db75
20.9,Steal Like an Artist: 10 Things Nobody Told You About Being Creative,8776181be110838a
40.2,Sister Dear,7ffebdd1d5148aef
52.87,"Shrunken Treasures: Literary Classics, Short, Sweet, and Silly",9639e89d20228e6e
20.12,Team of Rivals: The Political Genius of Abraham Lincoln,ba047a636b7d3793
33.17,The 7 Habits of Highly Effective People: Powerful Lessons in Personal Change,5fbd03b1ac0a0e69
52.3,The Bachelor Girl's Guide to Murder (Herringford and Watts Mysteries #1),20789fb17b423c4c
32.34,The Art Book,4b8fa561a1e52d1c
42.78,The Bourne Identity (Jason Bourne #1),d250657f0ebc5d73
16.62,The Constant Princess (The Tudor Court #1),24933c712f0bca2f
35.67,The Drowning Girls,7a10353c9c54cf7c
39.55,The Faith of Christopher Hitchens: The Restless Soul of the World's Most Notorious Atheist,57f85720e54d6442
16.24,The Glass Castle,47f4fd3e8e1dac05
49.03,The Good Girl,f935412970c9f58f
36.05,The Great Gatsby,a8dbf1c6b41b885a
10.01,The Origin of Species,0345872b14f9e774
41.14,The Story of Art,9147c5251cc99eb1
25.77,Blue Like Jazz: Nonreligious Thoughts on Christian Spirituality,a322361a37a78d3d
52.6,"Chronicles, Vol. 1",4781b6bfd6f7a2c5
17.97,Counted With the Stars (Out from Egypt #1),4807043b8218e9ce
20.89,Delivering the Truth (Quaker Midwife Mystery #1),4e980425468708da
12.16,Every Heart a Doorway (Every Heart A Doorway #1),4fa75fc6829431ca
46.64,Finding God in the Ruins: How God Redeems Pain,4e78f06160b717ac
45.13,For the Love: Fighting for Grace in a World of Impossible Standards,2e40333991f56f45
19.57,"Fruits Basket, Vol. 7 (Fruits Basket #7)",de6d7645f192d517
37.05,Good in Bed (Cannie Shapiro #1),c00bc29a678a6efb
28.25,How to Be a Domestic Goddess: Baking and the Art of Comfort Cooking,eff5710404e2ff78
46.01,How to Cook Everything Vegetarian: Simple Meatless Recipes for Great Food (How to Cook Everything),2a9fcb3382d351c8
57.43,John Adams,68407606544d6f22
39.61,King's Folly (The Kinsman Chronicles #1),4c82371b8cd02d4d
51.17,Leave This Song Behind: Teen Poetry at Its Best,b74ee891e2a6dd69
13.22,Life of Pi,40cdcbb7692fd408
28.77,Like Never Before (Walker Family #2),b6670507e85b30e6
43.58,Meternity,725cd8d23d78cdca
49.67,Memoirs of a Geisha,dac4b5847454fd9b
11.38,"Naturally Lean: 125 Nourishing Gluten-Free, Plant-Based Recipes--All Under 300 Calories",924438fc6cbec836
50.35,Nightstruck: A Novel,746029796363aa51
15.42,The Collected Poems of W.B. Yeats (The Collected Works of W.B. Yeats #1),3d250ab0f12be445
10.27,The Fellowship of the Ring (The Lord of the Rings #1),cb17945cb90b7837
15.79,The Girl You Left Behind (The Girl You Left Behind #1),eb7459e0c570251d
46.85,The God Delusion,2bc80eba94950873
18.77,The Golden Compass (His Dark Materials #1),d33824cb93ecab6f
30.54,The Great Railway Bazaar,48736df57e7bec9f
17.8,The Hobbit (Middle-Earth Universe),72b5355dda190b6a
37.34,The Invention of Wings,e6635f5b0a2c78db
43.27,The Joy of Cooking,d326e189b1210916
31.58,The Makings of a Fatherless Child,2efa5a839e62b1bd
59.45,The Man Who Mistook His Wife for a Hat and Other Clinical Tales,60376aa71be66083
55.02,The Perks of Being a Wallflower,fd364afd082f5446
24.8,The Mysterious Affair at Styles (Hercule Poirot #1),2da5edf8b5776c9a
39.67,The Rise and Fall of the Third Reich: A History of Nazi Germany,774fa432bd7d9c47
57.84,The Sound Of Love,5ba3d703d1ae0c1d
44.81,A Gathering of Shadows (Shades of Magic #2),d1378a0ad06ff979
44.34,A Summer In Europe,cc1936a9f4e93477
52.4,A Short History of Nearly Everything,6c7fa6844380f50a
29.93,"At The Existentialist Café: Freedom, Being, and apricot cocktails with: Jean-Paul Sartre, Simone de Beauvoir, Albert Camus, Martin Heidegger, Edmund Husserl, Karl Jaspers, Maurice Merleau-Ponty and others",6b52904b2ab91bf6
48.19,Benjamin Franklin: An American Life,5b546a46a86a9d8c
56.88,A Year in Provence (Provence #1),9e60929f521fa280
21.3,An Unquiet Mind: A Memoir of Moods and Madness,46cb43c2ab133ccc
39.61,Better Homes and Gardens New Cook Book,faf841f81c52638b
58.55,Catherine the Great: Portrait of a Woman,f3c70d296ec796c4
36.39,"Death Note, Vol. 6: Give-and-Take (Death Note #6)",6e06d0f00f6da20f
40.32,Deception Point,4e3b183180e2a992
20.96,"Fruits Basket, Vol. 6 (Fruits Basket #6)",97258f576d4bb672
56.59,Fun Home: A Family Tragicomic,56a34d0cec11d6b0
42.14,"Girl, Interrupted",384c7d41d5ffe9d1
18.32,Give It Back,012170e4fc87ace0
46.49,How to Stop Worrying and Start Living,e792c0969cefe1b8
49.98,In Cold Blood,fe0f34ebed689381
38.38,In the Woods (Dublin Murder Squad #1),6958de044cb28a84
19.02,Me Before You (Me Before You #1),7a2b51f69e81c722
46.58,Musicophilia: Tales of Music and the Brain,6d235933670503d9
48.51,Mere Christianity,f38f37ed934d84b2
19.27,Pride and Prejudice,720c36b2bee4692e
30.6,Ship Leaves Harbor: Essays on Travel by a Recovering Journeyman,8d8e9f9b8730eb25
50.96,Tell the Wolves I'm Home,2a1b3d967cda1da2
59.92,The Barefoot Contessa Cookbook,6478ccb4416e6a5d
44.58,The Expatriates,fe7210553d56c097
56.0,The False Prince (The Ascendance Trilogy #1),a2a9f76339d21ab1
45.56,The Firm,ad84f18659e6bfe2
47.22,The Fault in Our Stars,3661360c99719414
13.76,The Grand Design,3213b1f13f5f0f7c
55.91,The Hiding Place,c4589ee5977a47be
24.73,The Little Paris Bookshop,dfd9ff1f343cdaff
42.91,The Mathews Men: Seven Brothers and the War Against Hitler's U-boats,0d210d2448c3018f
28.58,The Metamorphosis,93379e3a2072a01b
57.74,The Raven Boys (The Raven Cycle #1),e0b3a679b83caccc
11.05,The Power Greens Cookbook: 140 Delicious Superfood Recipes,f701fae56b645ef7
30.57,The Raven King (The Raven Cycle #4),2e4fc5eacceec12c
15.08,The Secret Garden,abbb492978ff656d
48.67,Why Save the Bankers?: And Other Essays on Our Economic and Political Crisis,759ee7d059b1beb8
38.4,This Is Your Brain on Music: The Science of a Human Obsession,bc209a900101f28d
14.64,Two Summers,3a7d54a264d9f33e
41.73,Where She Went (If I Stay #2),60369d96b7b80869
47.31,"Will Grayson, Will Grayson (Will Grayson, Will Grayson)",e75f3ae1da1cc652
32.97,World Without End (The Pillars of the Earth #2),2e5b4ff08a75fd02
53.68,What If?: Serious Scientific Answers to Absurd Hypothetical Questions,163d89116179c33f
15.52,Kill the Boy Band,44f545727e704187
59.98,Last One Home (New Beginnings #1),07e6810fd3236bda
13.12,Logan Kade (Fallen Crest High #5.5),7093cf549cd2e7de
31.49,Killing Floor (Jack Reacher #1),8dde2ff3f6fcc0a3
23.63,Lola and the Boy Next Door (Anna and the French Kiss #2),5e1a88d248599768
22.54,Maybe Something Beautiful: How Art Transformed a Neighborhood,81c68492ccd72941
24.91,Mexican Today: New and Rediscovered Recipes for Contemporary Kitchens,12a90b90283b2e6d
31.63,My Mother Was Nuts,a4ce39a3720cd679
34.22,Siddhartha,84bb29c53592ac40
16.28,Peak: Secrets from the New Science of Expertise,6036239d2ab349b7
23.37,Red Dragon (Hannibal Lecter #1),e958ae92f328c181
11.48,Remember Me?,2973d38c2fbd7a5c
45.51,Tell the Wind and Fire,84126312e2431a09
41.81,Tell Me Three Things,50d5a7b861ed1c54
16.23,Shiver (The Wolves of Mercy Falls #1),59a8ae019b64f2a7
25.15,Talking to Girls About Duran Duran: One Young Man's Quest for True Love and a Cooler Haircut,1dba84766a5e87b8
11.33,The Darkest Corners,c4182bdb53e2459a
11.83,The 5th Wave (The 5th Wave #1),b716233fcb6877e6
38.77,The Crossover,b228042c088b1913
34.5,The Dream Thieves (The Raven Cycle #2),fec06f52054ea900
51.22,America's War for the Greater Middle East: A Military History,add33db6ff80db24
58.81,Approval Junkie: Adventures in Caring Too Much,612369a5947a012e
10.0,An Abundance of Katherines,f36d24c309e87e5b
17.49,Booked,b54d7416bb445989
34.13,"Blue Lily, Lily Blue (The Raven Cycle #3)",ad5e078beceaeb4a
20.75,Critique of Pure Reason,429b4a811bef386c
32.35,"Data, A Love Story: How I Gamed Online Dating to Meet My Match",bcf567421c581f0a
52.41,"Death Note, Vol. 5: Whiteout (Death Note #5)",1c0a38899c82b60a
38.7,Drama,d5ad4c92d8bf26c9
35.63,Dracula the Un-Dead,e46b1074b99ac4b6
58.0,Digital Fortress,94bb629a3f6dd00b
16.96,Fool Me Once,630e766f0a1987dd
42.27,Evicted: Poverty and Profit in the American City,75cc85cdbe9ad46b
22.37,Find Her (Detective D.D. Warren #8),b28c7d07afa7063b
32.42,Foundation (Foundation (Publication Order) #1),3fc124f59f3068e4
36.55,I Know Why the Caged Bird Sings (Maya Angelou's Autobiography #1),d219d4e325e6f204
23.32,Harry Potter and the Deathly Hallows (Harry Potter #7),6c49258724f11770
16.33,"Fruits Basket, Vol. 5 (Fruits Basket #5)",3fd83dcf37bf1bc0
38.13,If I Stay (If I Stay #1),7284d85428305f5a
13.73,Some Women,31f5bbf4974d29c9
48.13,Isla and the Happily Ever After (Anna and the French Kiss #3),45045146dbf7b009
59.71,The Bone Hunters (Lexy Vaughan & Steven Macaulay #2),9c4d061c1e2fe6bf
46.08,The Beast (Black Dagger Brotherhood #14),8930013d06942df1
52.11,The Demonists (Demonist #1),ff2dffba388d9922
27.88,"The Demon Prince of Momochi House, Vol. 4 (The Demon Prince of Momochi House #4)",df53c2948b32bde3
28.23,The Geography of Bliss: One Grump's Search for the Happiest Places in the World,c65ee14957c0fa5c
14.82,The Hound of the Baskervilles (Sherlock Holmes #5),6587f46697fc4443
16.81,The Gunning of America: Business and the Making of American Gun Culture,45033bdf3d9ed158
29.85,The Hunger Games (The Hunger Games #1),6d2f70d9424f41a1
28.32,The Passion of Dolssa,011674f4a3834b8d
38.71,The Jazz of Physics: The Secret Link Between Music and the Structure of the Universe,6a57286a8890d8c5
50.26,The Pilgrim's Progress,6053ddf69c967d5f
27.88,The Shining (The Shining #1),d4de23aa98acc65b
59.99,The Perfect Play (Play by Play #1),9cc207168a03470d
52.35,Vogue Colors A to Z: A Fashion Coloring Book,a8f4577a48023344
10.79,A Clash of Kings (A Song of Ice and Fire #2),89a89e76f3516357
17.21,A Feast for Crows (A Song of Ice and Fire #4),f2c8f4b4c94d5c5c
46.42,A Game of Thrones (A Song of Ice and Fire #1),03cbb67c0f990d87
58.59,Alight (The Generations Trilogy #2),d9290e99f189ce84
50.44,"Fruits Basket, Vol. 4 (Fruits Basket #4)",8fff1084aa085a13
31.3,A Girl's Guide to Moving On (New Beginnings #2),cf3b86489890b9f2
27.8,God Is Not Great: How Religion Poisons Everything,ddbc5530d2939d49
26.77,Girl With a Pearl Earring,5eff05e59f905a49
32.49,Gone with the Wind,23310ce84d3c9f85
14.74,Harry Potter and the Chamber of Secrets (Harry Potter #2),c7c4f55b7321cba7
48.75,Harry Potter and the Half-Blood Prince (Harry Potter #6),73f4f87dd936ee5c
31.63,Harry Potter and the Order of the Phoenix (Harry Potter #5),5a6b7155f2797537
13.9,Harry Potter and the Sorcerer's Stone (Harry Potter #1),ac337893a9fe0085
24.17,Harry Potter and the Prisoner of Azkaban (Harry Potter #3),eff24325e0ede639
25.01,It,670a2773607d785d
34.79,Misery,81d4191030b9704b
28.07,Little Women (Little Women #1),deda806b68b0aa11
20.44,Mockingjay (The Hunger Games #3),5212c6acea3359e5
12.75,Night Shift (Night Shift #1-20),869d20b3b8128230
47.51,Needful Things,70b585c9d0f15725
20.02,No One Here Gets Out Alive,3a95f5a2df4ff921
12.36,"Orchestra of Exiles: The Story of Bronislaw Huberman, the Israel Philharmonic, and the One Thousand Jews He Saved from Nazi Horrors",2ba5ccc84d35006c
19.67,Outlander (Outlander #1),5de4baa88061a77a
49.45,Paper and Fire (The Great Library #2),ae884ac655d6ee3e
48.39,Shopaholic Ties the Knot (Shopaholic #3),38199c5d7da0c0ef
24.04,We Are All Completely Beside Ourselves,be3db344a845580b
31.95,We the People: The Modern-Day Figures Who Have Reshaped and Affirmed the Founding Fathers' Vision of America,06bab964fd536971
30.89,When You Are Engulfed in Flames,dab0196cd5fc8e5e
18.13,"Where'd You Go, Bernadette",07bb35158d9dd3d2
46.02,Wild: From Lost to Found on the Pacific Crest Trail,d30b9215c72cca87
21.8,World War Z: An Oral History of the Zombie War,5d55202da0252627
17.73,Wuthering Heights,5a7ff9aaa3168878
34.77,Zero History (Blue Ant #3),634b7165c96ebb9f
49.56,'Salem's Lot,6e9403f00acd6752
27.62,"A History of God: The 4,000-Year Quest of Judaism, Christianity, and Islam",d12ca4020c2f602e
55.65,A New Earth: Awakening to Your Life's Purpose,f6ae39568db1130e
56.43,A Walk to Remember,aead11697d14ea36
57.22,Animal Farm,1451b55e5e56bb89
26.58,Atlas Shrugged,78a4ac98191ac675
21.94,Can You Keep a Secret?,0812f54c93d726ce
58.63,Candide,2798974abc8a58a8
13.38,Changing the Game (Play by Play #2),aaebac5fda798b1b
48.94,Confessions of a Shopaholic (Shopaholic #1),a2dc754afb69bb32
12.87,Dark Lover (Black Dagger Brotherhood #1),2b69d289279aabfd
34.93,Far From True (Promise Falls Trilogy #2),ad15a9a139919918
57.86,The Stand,49f24193f0b961e6
23.59,The Smitten Kitchen Cookbook,742702d662a71410
48.77,The Thing About Jellyfish,3d15714d4d3d15dd
10.02,The Tipping Point: How Little Things Can Make a Big Difference,224fa77d4b248046
45.75,The Undomestic Goddess,813cff2aefa5d1f0
15.77,The Travelers,2b685187f55c5d31
14.41,"The Wicked + The Divine, Vol. 3: Commercial Suicide (The Wicked + The Divine)",a33ed2e6068df53e
56.07,The Wild Robot,75fed6a47f69859d
21.14,"Thinking, Fast and Slow",719d72f3ee512dc6
23.21,Three-Martini Lunch,57f755143ee96fd4
53.51,"Trespassing Across America: One Man's Epic, Never-Done-Before (and Sort of Illegal) Hike Across the Heartland",2173a2ce35f6ace1
32.74,Two Boys Kissing,61bc8167c9680283
42.8,Twenties Girl,8ebad30219b8679c
41.93,Twilight (Twilight #1),b53078de0147f6bf
30.0,Under the Banner of Heaven: A Story of Violent Faith,599a4f98bb193368
58.09,"Unstuffed: Decluttering Your Home, Mind, and Soul",b830685072fa871f
50.66,Very Good Lives: The Fringe Benefits of Failure and the Importance of Imagination,52aa3d79b1cee455
13.66,Vegan Vegetarian Omnivore: Dinner for Everyone at the Table,4672d10b9b1e7a05
21.07,Voyager (Outlander #3),7feac4000cbc5859
32.36,Walk the Edge (Thunder Road #2),0e4e2d31c2fb3aad
43.59,The Lonely Ones,cf2f27fdf94ba20e
58.09,The Lover's Dictionary,36c15687f5ab0f7c
20.93,The Maze Runner (The Maze Runner #1),4266f48a0aa1c37d
37.25,The Name of God is Mercy,0baf71623648413a
52.53,The Nanny Diaries (Nanny #1),6263c1d2997b8ce0
44.92,The New Guy (and Other Senior Year Distractions),3e42ac0f4d43320f
26.26,The Nightingale,29d6d87f3418638b
45.43,The Obsession,ee441c8e027caa66
36.8,The Paris Wife,fa26798728f5208f
29.7,The Picture of Dorian Gray,b9f6305a3d650e2c
12.25,The Purest Hook (Second Circle Tattoos #3),969f6c7e86554814
37.19,The Purpose Driven Life: What on Earth Am I Here for?,0e7beedf0ee9380c
35.66,The Red Tent,3c456328b04a8ee8
34.77,The Rest Is Noise: Listening to the Twentieth Century,e2d47e82c50d41d9
10.92,The Restaurant at the End of the Universe (Hitchhiker's Guide to the Galaxy #2),0e92ccf1bd39e68f
42.57,The Rise of Theodore Roosevelt (Theodore Roosevelt #1),1a5044d233936b1a
58.64,The Rose & the Dagger (The Wrath and the Dawn #2),322a9e34d87f54b1
23.21,The Road to Little Dribbling: Adventures of an American in Britain (Notes From a Small Island #2),366a236aa1ea6f07
23.05,The Silkworm (Cormoran Strike #2),f06039c29b5891fa
55.55,"The Sandman, Vol. 3: Dream Country (The Sandman (volumes) #3)",91eb9605998a7c03
26.33,The Day the Crayons Came Home (Crayons),b22362b434e8ee62
52.25,The Demon-Haunted World: Science as a Candle in the Dark,f51062bf579507d9
57.35,"The Disappearing Spoon: And Other True Tales of Madness, Love, and the History of the World from the Periodic Table of the Elements",63c0826ef59eae66
13.03,"The Elegant Universe: Superstrings, Hidden Dimensions, and the Quest for the Ultimate Theory",c6bf14cb901c63ac
44.29,The Devil Wears Prada (The Devil Wears Prada #1),a6ab0cb7106a67f2
22.13,"The End of Faith: Religion, Terror, and the Future of Reason",b3f2bc2cefb35f05
43.45,The Exiled,dd003e904727281a
57.48,The Girl Who Kicked the Hornet's Nest (Millennium Trilogy #3),8f5d16a5a9bd58b2
22.14,The Girl Who Played with Fire (Millennium Trilogy #2),bfa9cb304075d3e8
49.47,The Girl with All the Gifts,92dcc54a27107a37
12.3,The Giver (The Giver Quartet #1),e2dac1f4739e0bd5
43.58,The Goldfinch,c88422d8959260ab
49.53,The Guernsey Literary and Potato Peel Pie Society,4a0a276409968a73
47.8,The Hitchhiker's Guide to the Galaxy (Hitchhiker's Guide to the Galaxy #1),a8b0ea6490bc818f
14.54,The Guns of August,b5da59dd177eb36b
52.51,The Husband's Secret,ff6bb30dd0c482a6
27.41,The Infinities,554e9e2d532b3a87
29.64,"The Land of 10,000 Madonnas",35e69a79d2b1e804
55.55,The Last Painting of Sara de Vos,476c7972e9b41891
33.92,The Lean Startup: How Today's Entrepreneurs Use Continuous Innovation to Create Radically Successful Businesses,70c7c3ca7f9b2728
24.72,Soldier (Talon #3),feaaae90514eb2ac
46.45,Shopaholic & Baby (Shopaholic #5),c57d3c96af23c297
54.62,Something Blue (Darcy & Rachel #2),3fc9d51d1c4d6ba7
48.96,Something Borrowed (Darcy & Rachel #1),ac27ab4bcd9c492e
49.51,Spilled Milk: Based on a True Story,f08667e4c0458f37
36.74,Stiff: The Curious Lives of Human Cadavers,a11ae5f07572ef49
25.83,"Surely You're Joking, Mr. Feynman!: Adventures of a Curious Character",61002f3b7ba5d780
22.1,The Art of Fielding,2858ac90c4758e1f
34.32,"The Art of Simple Food: Notes, Lessons, and Recipes from a Delicious Revolution",311634df10651e05
53.71,The Blind Side: Evolution of a Game,cd3dcd83bb002e78
23.43,The Autobiography of Malcolm X,b04a6a0db525857d
44.84,The Book of Basketball: The NBA According to The Sports Guy,08decd9664e5d56e
53.49,The Book Thief,a75e274c8814b539
24.55,The Catcher in the Rye,487449f4f6322f0f
47.84,The Case for Christ (Cases for Christianity),970bd3316219e7dc
16.26,The Cat in the Hat (Beginner Books B-1),b7f475238ed50429
26.78,The Complete Stories and Poems (The Works of Edgar Allan Poe [Cameo Edition]),cad70d6ffd53912f
19.21,The Cuckoo's Calling (Cormoran Strike #1),1be6d3b121865edb
41.32,The Complete Poems,23707d3ddf14a999
22.96,The Da Vinci Code (Robert Langdon #2),dabf11918b48b40c
32.87,One for the Money (Stephanie Plum #1),3250650a5c4e6f07
24.61,Orange Is the New Black,8378c899988905ee
31.45,Original Fake,c59283b05905c853
39.13,Persepolis: The Story of a Childhood (Persepolis #1-2),cb62418129b864a3
56.68,Packing for Mars: The Curious Science of Life in the Void,8e2dfd6bcf48e1e6
14.16,Outliers: The Story of Success,09a7b0b566ad6225
43.63,Prodigy: The Graphic Novel (Legend: The Graphic Novel #2),9707989a439757b4
43.55,Quiet: The Power of Introverts in a World That Can't Stop Talking,3c565df219ba3274
19.07,Ready Player One,2ef5dc7e278e562a
28.54,Red: The True Story of Red Riding Hood,4c8ece50736f9e88
11.1,Reservations for Two,ecdf73ee66c33b17
44.88,Rework,8e9dd8431170c09e
41.67,"Rise of the Rocket Girls: The Women Who Propelled Us, from Missiles to the Moon to Mars",89cad3f37c9ce226
50.11,Rogue Lawyer (Rogue Lawyer #1),b4f5672f68ec3a83
12.91,Running with Scissors,28921443f052bea6
21.57,"Saga, Volume 3 (Saga (Collected Editions) #3)",7b870bf85d01c2dc
46.29,Sarah's Key,5b2cd5b31a510848
14.57,Scarlet (The Lunar Chronicles #2),510832818edb6fbc
30.6,Seven Brief Lessons on Physics,281a244ce1954711
52.33,Seven Days in the Art World,07806456878931bc
53.04,Lady Renegades (Rebel Belle #3),16e843e6b853cc2f
55.5,"Lamb: The Gospel According to Biff, Christ's Childhood Pal",190fbebbf798c31a
25.02,"Lean In: Women, Work, and the Will to Lead",d5e1a9bfe22bbf9f
43.69,Legend (Legend #1),0ce8075fab4a2b5b
59.04,Life Without a Recipe,c53d9fefcda371e9
26.13,Life After Life,4ec53ff7e2263f32
45.11,Let's Pretend This Never Happened: A Mostly True Memoir,1246e4ffeb5ac4ea
22.2,Letter to a Christian Nation,1de75f05d57bfc10
33.26,"Life, the Universe and Everything (Hitchhiker's Guide to the Galaxy #3)",4b3f4f151c99f472
12.47,Lila (Gilead #3),4ef75307fb64e2ad
11.87,Lust & Wonder,0dcadb06206abd3c
34.98,Manuscript Found in Accra,546da23278482b0a
31.69,Naked,54aeeb4610d3ae08
55.46,Midnight Riot (Peter Grant/ Rivers of London - books #1),e9056f9b5a40a301
57.6,Me Talk Pretty One Day,abc4a7ee16c21088
57.83,"Miracles from Heaven: A Little Girl, Her Journey to Heaven, and Her Amazing Story of Healing",7980fa06f2b704d8
29.4,Morning Star (Red Rising #3),7ce5a92baabb6bc0
38.95,Neither Here nor There: Travels in Europe,747cf7fca2ccdbd4
13.51,Night (The Night Trilogy #1),c4d9fce9eff3b8ba
40.17,Notes from a Small Island (Notes From a Small Island #1),cb65e49993db9a93
42.21,Golden (Heart of Dread #3),984b3b6e7479b571
37.6,Gone Girl,d5c588b6f9c015e4
26.66,Gratitude,c300cc9326592b65
42.72,"Grayson, Vol 3: Nemesis (Grayson #3)",4f6985aca357ae09
10.79,Green Eggs and Ham (Beginner Books B-16),621e2c310cec8d32
44.07,Heir to the Sky,b003f8bb02f76dc5
51.07,Holidays on Ice,0cb4856be3694a57
37.52,Horrible Bear!,cc1ac978a6835ef6
54.89,House of Leaves,557c03c284be1bf2
33.14,Hungry Girl Clean & Hungry: Easy All-Natural Recipes for Healthy Eating in the Real World,6c4d17a46cac8787
43.7,"House of Lost Worlds: Dinosaurs, Dynasties, and the Story of Life on Earth",1812b8f5641287e3
28.88,I Am Malala: The Girl Who Stood Up for Education and Was Shot by the Taliban,8010c7c148057fd3
19.69,I've Got Your Number,6b32b561dab8036c
49.97,If I Run (If I Run #1),61569d12d4ae7161
28.85,"In the Garden of Beasts: Love, Terror, and an American Family in Hitler's Berlin",d8292cd5f1aca291
41.0,Inferno (Robert Langdon #4),6c4646d90b60a56c
42.38,It's Never Too Late to Begin Again: Discovering Creativity and Meaning at Midlife and Beyond,d4a29356fc992879
56.7,Into the Wild,a7c3f1010d64799a
20.11,Is Everyone Hanging Out Without Me? (And Other Concerns),034829ffdd0a0aea
44.97,Jurassic Park (Jurassic Park #1),a0dd11f6abc421ec
36.17,Cosmos,dbe33cf29ef1623d
10.62,Counting Thyme,157f693d9e600ccc
49.13,Crazy Rich Asians (Crazy Rich Asians #1),c9782ad2a0ed9331
56.02,Darkfever (Fever #1),468bd274ac084bb9
23.9,Dark Places,66937c669c4da072
17.81,"David and Goliath: Underdogs, Misfits, and the Art of Battling Giants",d234ddecef49ef4e
39.24,Dead Wake: The Last Crossing of the Lusitania,04d858cdeeee0da4
15.28,Disrupted: My Misadventure in the Start-Up Bubble,81372abc86f65c79
51.48,Do Androids Dream of Electric Sheep? (Blade Runner #1),98330e431e56a9ea
52.62,Dracula,a7ec599c1a547746
54.86,Dune (Dune #1),36d5884d44484277
43.87,Eragon (The Inheritance Cycle #1),b843f52a986a2914
18.74,Eclipse (Twilight #3),73f71f9556442117
38.62,Fellside,147019cae600694e
25.4,Extreme Prey (Lucas Davenport #26),588ba85ff11a3263
15.36,Fifty Shades Freed (Fifty Shades #3),ed813a848580ba50
51.22,"Friday Night Lights: A Town, a Team, and a Dream",a9aa3ed5b316470b
21.28,Fire Bound (Sea Haven/Sisters of the Heart #5),2ed3a794a70aa85f
45.17,"Fruits Basket, Vol. 3 (Fruits Basket #3)",d5f5a122a593b580
46.83,Girl in the Blue Coat,41fc5dce044f16f5
10.66,Are We There Yet?,ef9c4f2465513956
56.58,Are We Smart Enough to Know How Smart Animals Are?,da0349a87c8caa2f
22.06,Ash,5d22e2a46604b6e7
21.55,Beautiful Creatures (Caster Chronicles #1),5439bae708bca198
38.02,Awkward,1d89a2aa9f6ce50f
38.35,Beowulf,3fb69f34e178d494
27.41,Best of My Love (Fool's Gold #20),67dea6c75d6a1075
20.79,Between Shades of Gray,155e42df837ee5ff
40.87,Black Flags: The Rise of ISIS,860318b8e244f39c
49.31,"Black Butler, Vol. 1 (Black Butler #1)",15f415d436888b2d
22.11,Big Little Lies,d3f9c4539c0caa64
21.74,Blink: The Power of Thinking Without Thinking,0bbc48294707ba96
27.35,"Born to Run: A Hidden Tribe, Superathletes, and the Greatest Race the World Has Never Seen",e256de8aa0c2115f
21.12,Boy Meets Boy,8e0bc2fe4e7d35b5
51.32,Brave Enough,fd2337c1b73b686e
35.28,Breaking Dawn (Twilight #4),bbfc4a3b7b6c94a0
24.72,Career of Evil (Cormoran Strike #3),b461cf238506c5b8
37.35,Catastrophic Happiness: Finding Joy in Childhood's Messy Years,ef49db2aaa9bb547
26.09,Cinder (The Lunar Chronicles #1),7e9579921e5407cb
59.95,Civilization and Its Discontents,396385e3de5d18c3
53.47,Girl Online On Tour (Girl Online #2),97b8f130d32e9f4e
57.42,H is for Hawk,b6d3f4f4ee1f6069
34.0,Kindle Paperwhite User's Guide,fb495f9f9015a772
31.58,Life,637e5a45062aa548
12.86,New Moon (Twilight #2),6fa3ea52c8e31e06
20.02,"Run, Spot, Run: The Ethics of Keeping Pets",b0e479be03911916
11.75,"Saga, Volume 2 (Saga (Collected Editions) #2)",9189fd009df41d0e
24.42,Sugar Rush (Offensive Line #2),ce42e3de94226b2b
16.78,The Course of Love,f3c76b53b239f511
54.81,"The Sandman, Vol. 2: The Doll's House (The Sandman (volumes) #2)",276dc716b1da8899
31.38,The Sense of an Ending,4130678275eb7c8c
11.89,"The Suffragettes (Little Black Classics, #96)",d2185b65af52d68c
50.96,#GIRLBOSS,165affa7adb5eded
54.29,A Heartbreaking Work of Staggering Genius,c9770bb1d5a492a0
31.22,A Storm of Swords (A Song of Ice and Fire #3),87beabf664115d79
31.04,8 Keys to Mental Health Through Exercise,f5873c8fc7760000
14.08,A Visit from the Goon Squad,5dbd6ec4e154ad2f
30.48,A Walk in the Woods: Rediscovering America on the Appalachian Trail,bcee4f289ff6699c
35.01,And Then There Were None,cfe350b20d23b02b
43.19,The Story of Hong Gildong,32d035df92ab9080
36.83,Annie on My Mind,7bf87402413c27ff
29.45,The Selfish Gene,6f2c0a9adbb2bca9
36.25,The Silent Twin (Detective Jennifer Knight #3),9e9932ae1a7d0943
12.34,The Silent Wife,b78deb463531d078
41.56,The Tumor,6514add13c82b115
36.52,"The Wicked + The Divine, Vol. 1: The Faust Act (The Wicked + The Divine)",dac9d1e654fac737
19.69,The Zombie Room,9c96cd1329fbd82d
48.71,This One Moment (Pushing Limits #1),d6d98d3508c30f57
53.82,Vampire Girl (Vampire Girl #1),dab5e75d1339706a
57.82,Travels with Charley: In Search of America,0268f149d014b389
30.95,Twenty Love Poems and a Song of Despair,e63c3f25338baf9a
44.18,Three Wishes (River of Time: California #1),460f97a346b44bac
15.4,"Vampire Knight, Vol. 1 (Vampire Knight #1)",e7e87087b1a44711
39.51,Ways of Seeing,66a4e422b212726a
51.96,When I'm Gone,c5f91eb481427dc5
39.77,Where Lightning Strikes (Bleeding Stars #3),def389ddfda6991b
41.32,While You Were Mine,8ceb5c6aed2c5f8b
11.64,"Fruits Basket, Vol. 2 (Fruits Basket #2)",c0db71f6bb14db11
52.88,Diary of a Minecraft Zombie Book 1: A Scare of a Dare (An Unofficial Minecraft Book),d7b463918d3b8c39
18.51,"Y: The Last Man, Vol. 1: Unmanned (Y: The Last Man #1)",09d26b5f819c6a36
14.76,The Communist Manifesto,18b4545a5ed15581
10.64,The Complete Maus (Maus #1-2),3301af038a720587
19.18,The Edge of Reason (Bridget Jones #2),29fc016c459aeb14
14.4,The End of the Jesus Era (An Investigation #1),09659d1639a1f978
15.85,The Girl In The Ice (DCI Erika Foster #1),ee61197edb882599
12.29,The Girl You Lost,4280ac3eab57aa5d
27.89,The Haters,fff8a057a40c4a60
36.29,The Hook Up (Game On #1),6e473eff459e809f
16.16,The Iliad,86d8bd7afa5b51b3
36.26,The Last Girl (The Dominion Trilogy #1),16c71736dae78764
54.43,The Light of the Fireflies,04e43893e32f9d29
45.42,The Little Prince,1aeca7d078d57deb
29.38,The Mirror & the Maze (The Wrath and the Dawn #1.5),c40b70e0f6d80189
57.7,The No. 1 Ladies' Detective Agency (No. 1 Ladies' Detective Agency #1),b0913e67d38d5ed5
36.34,The Nicomachean Ethics,5c10b64db3e4f228
50.59,The Name of the Wind (The Kingkiller Chronicle #1),c8614adb1a90b027
29.64,The Odyssey,f0512adadffd2480
33.78,The Republic,0ec9d2b018fb10d8
52.94,One Second (Seven #7),7ea31f38675b91c1
54.12,"The Sandman, Vol. 1: Preludes and Nocturnes (The Sandman (volumes) #1)",5faefdc861684eb1
34.56,The Secret Healer,38f776ab9118aed7
21.71,"Paper Girls, Vol. 1 (Paper Girls #1-5)",bcbcbcf0f6ed196f
29.87,"Ouran High School Host Club, Vol. 1 (Ouran High School Host Club #1)",326825e02a198cf6
28.99,Origins (Alphas 0.5),8932e5c12f12ffed
24.96,Paradise Lost (Paradise #1),849db7ab7f4a640c
46.96,"Rat Queens, Vol. 1: Sass & Sorcery (Rat Queens (Collected Editions) #1-5)",3cdca3b4a93980f5
28.34,"Rhythm, Chord & Malykhin",9efb397067eb7e8a
28.48,"Saga, Volume 1 (Saga (Collected Editions) #1)",4f64568dfefa3ce7
44.91,Settling the Score (The Summer Games #1),132adf7335bb384a
37.46,Sense and Sensibility,35e44170702139a4
21.72,Shadow Rites (Jane Yellowrock #10),229cd6564bf0dce4
58.35,Shameless,c068c013d6921fea
42.4,Shatter Me (Shatter Me #1),9ed7090d8fa690b0
13.33,Sister Sable (The Mad Queen #1),3a9a7c5895e82646
42.12,"Skip Beat!, Vol. 01 (Skip Beat! #1)",2ac720f76384c57e
25.83,Starlark,e25164e5b3fe208b
18.88,Taking Shots (Assassins #1),a7eef9d6795422c1
30.66,The Bette Davis Club,dfb0849016bc122c
57.49,The Bhagavad Gita,f3a0b8c835129558
40.83,The Art of Not Breathing,5bc1fbccfbf2355c
40.28,"Fruits Basket, Vol. 1 (Fruits Basket #1)",72e6fbf4f6382557
56.76,"Giant Days, Vol. 1 (Giant Days #1-4)",eb0fe24bbc845ecc
45.24,"Hawkeye, Vol. 1: My Life as a Weapon (Hawkeye #1)",6fe02600f322a0a9
34.96,Having the Barbarian's Baby (Ice Planet Barbarians #7.5),6717a70913b3db79
40.44,Icing (Aces Hockey #2),3455b45888fb5053
38.43,Jane Eyre,8d390a1fc3133d06
34.74,Imperfect Harmony,f28f7299d38c0932
57.2,Kitchens of the Great Midwest,06f6a57a6d532844
58.99,Listen to Me (Fusion #1),6e712ea24e77bd96
24.89,Lord of the Flies,71a6471bbdac21d9
28.34,Matilda,1053fb7ee17a1f33
27.7,Lost Among the Living,d510567580c8be52
25.89,Meditations,4f19709e47883df5
39.39,"Ms. Marvel, Vol. 1: No Normal (Ms. Marvel (2014-2015) #1)",35a60467893aa168
38.92,My Perfect Mistake (Over the Top #1),fd78f89878479f56
58.75,Myriad (Prentor #1),63e20a0f98218a87
47.11,Of Mice and Men,39592d9d72e717c4
39.45,Off Sides (Off #1),b6f1cfadc4dd79d4
32.36,On the Road (Duluoz Legend),9ff997ab15713e53
26.08,"1,000 Places to See Before You Die",228ba5e7577e1d49
55.66,Old Records Never Die: One Man's Quest for His Vinyl and His Past,a1985630339f4b3d
53.98,1st to Die (Women's Murder Club #1),f684a82adc49f011
16.97,A Spy's Devotion (The Regency Spies of London #1),19fec36a1dfb4c16
57.06,"Ajin: Demi-Human, Volume 1 (Ajin: Demi-Human #1)",bfd5e1701c862ac3
55.53,Alice in Wonderland (Alice's Adventures in Wonderland #1),cd2a2a70dd5d176d
43.38,Beyond Good and Evil,08672cd59171d5e4
34.65,"Bleach, Vol. 1: Strawberry and the Soul Reapers (Bleach #1)",099fae4a0705d63b
20.3,Blood Defense (Samantha Brinkman #1),95cdfd514098c38b
37.26,Bounty (Colorado Mountain #7),abc0b15f2c907ff0
29.82,Bridget Jones's Diary (Bridget Jones #1),a2b4b685dfa94733
39.07,Bright Lines,230ac636ea0ea415
41.24,Charity's Cross (Charles Towne Belles #4),a96404cb928895f3
22.85,Charlie and the Chocolate Factory (Charlie Bucket #1),1774749f2cee292f
28.42,Choosing Our Religion: The Spiritual Lives of America's Nones,a812f6969ddf3e39
47.09,Deep Under (Walker Security #1),0072b94dfa30608e
38.0,Frankenstein,a492f49a3e2b6a71
51.32,"Eat, Pray, Love",df56868afd166557
39.24,Fighting Fate (Fighting #6),6390772a3094939d
32.93,Emma,2e69730561ed70ad
28.8,Forever Rockers (The Rocker #12),e564c3f1a93ccf2e
